{
  "test_losses": {
    "6": 0.22586497917175294,
    "7": 0.20596644203662873,
    "8": 0.19049616284370421,
    "9": 0.17818512597084046,
    "10": 0.1653220729827881,
    "11": 0.15648842120170595,
    "12": 0.14944622490406037
  },
  "cluster_metrics": {
    "6": {
      "ARI": 0.6014038036380269,
      "NMI": 0.6797614056208683,
      "trustworthiness": 0.9930118165113093,
      "continuity": 0.9938975603888944,
      "silhouette": 0.24315407872200012,
      "davies_bouldin": 1.3511609377459834,
      "calinski_harabasz": 2041.9796142578125
    },
    "7": {
      "ARI": 0.5807552539198878,
      "NMI": 0.6592438330836217,
      "trustworthiness": 0.9951479883732585,
      "continuity": 0.9954073468978651,
      "silhouette": 0.21813735365867615,
      "davies_bouldin": 1.4696947449721627,
      "calinski_harabasz": 1765.9818115234375
    },
    "8": {
      "ARI": 0.5812175322526066,
      "NMI": 0.6635794733185298,
      "trustworthiness": 0.9957095105409107,
      "continuity": 0.9958547813303933,
      "silhouette": 0.20815642178058624,
      "davies_bouldin": 1.5376729357841137,
      "calinski_harabasz": 1689.985595703125
    },
    "9": {
      "ARI": 0.5542344046329423,
      "NMI": 0.6390373355905269,
      "trustworthiness": 0.9965942908689986,
      "continuity": 0.9969712598977648,
      "silhouette": 0.1876712590456009,
      "davies_bouldin": 1.6460083484929964,
      "calinski_harabasz": 1384.08056640625
    },
    "10": {
      "ARI": 0.5436411972037152,
      "NMI": 0.6363185719757057,
      "trustworthiness": 0.997324867862751,
      "continuity": 0.9974064956065618,
      "silhouette": 0.19291552901268005,
      "davies_bouldin": 1.5517346271971344,
      "calinski_harabasz": 1310.338134765625
    },
    "11": {
      "ARI": 0.49074685063238677,
      "NMI": 0.5893371108192735,
      "trustworthiness": 0.9977741986569109,
      "continuity": 0.997621595670041,
      "silhouette": 0.1666231006383896,
      "davies_bouldin": 1.7016131087759363,
      "calinski_harabasz": 1218.7542724609375
    },
    "12": {
      "ARI": 0.5043480309371471,
      "NMI": 0.616503635163278,
      "trustworthiness": 0.9981456717116034,
      "continuity": 0.9980944325281481,
      "silhouette": 0.18186502158641815,
      "davies_bouldin": 1.6611084675575167,
      "calinski_harabasz": 1173.132568359375
    }
  },
  "loss_type": "mse"
}