{
  "test_losses": {
    "2": 0.03877851573824882,
    "4": 0.030054541257023813
  },
  "cluster_metrics": {
    "2": {
      "ARI": 0.43293066620981874,
      "NMI": 0.5888291702671581
    },
    "4": {
      "ARI": 0.4871203647478209,
      "NMI": 0.6041154388303733
    }
  },
  "loss_type": "mse"
}