{
  "test_losses": {
    "2": 0.03877851573824882,
    "4": 0.030054541257023813
  },
  "loss_type": "mse"
}