{
  "test_losses": {
    "2": 0.04590567888021469,
    "4": 0.034860317605733875
  },
  "loss_type": "mse"
}