{
  "test_losses": {
    "2": 0.8240249339103699,
    "4": 0.7940215291023255,
    "8": 0.8965375101089478,
    "16": 0.5262785239219665,
    "32": 0.3412324330806732,
    "64": 0.31644228253364565
  },
  "cluster_metrics": {
    "2": {
      "ARI": 0.1229415861379637,
      "NMI": 0.3194807725641933,
      "trustworthiness": 0.8443308903812101,
      "continuity": 0.8864425699107948,
      "silhouette": 0.3687954246997833,
      "davies_bouldin": 0.773770157937668,
      "calinski_harabasz": 7788.11279296875,
      "avg_abs_corr": 0.22759171483088717,
      "effective_dim_95var": 2
    },
    "4": {
      "ARI": 0.23575728032001517,
      "NMI": 0.39445734158023343,
      "trustworthiness": 0.9379813724900604,
      "continuity": 0.965237032508102,
      "silhouette": 0.23178765177726746,
      "davies_bouldin": 1.2850589091347668,
      "calinski_harabasz": 2831.45947265625,
      "avg_abs_corr": 0.22791126793751212,
      "effective_dim_95var": 4
    },
    "8": {
      "ARI": 0.39173452839307776,
      "NMI": 0.5100661029480588,
      "trustworthiness": 0.9918591433630684,
      "continuity": 0.9946010798169123,
      "silhouette": 0.19961489737033844,
      "davies_bouldin": 1.498523778472858,
      "calinski_harabasz": 1791.4464111328125,
      "avg_abs_corr": 0.23388747198110144,
      "effective_dim_95var": 7
    },
    "16": {
      "ARI": 0.3306299439253242,
      "NMI": 0.46060645151431223,
      "trustworthiness": 0.9974963135210986,
      "continuity": 0.9973186341919749,
      "silhouette": 0.1459656059741974,
      "davies_bouldin": 1.7849316256204122,
      "calinski_harabasz": 1157.041748046875,
      "avg_abs_corr": 0.18721477155740732,
      "effective_dim_95var": 13
    },
    "32": {
      "ARI": 0.24815014777533237,
      "NMI": 0.3912088398623034,
      "trustworthiness": 0.9986700076843407,
      "continuity": 0.9969712097824998,
      "silhouette": 0.08213070034980774,
      "davies_bouldin": 2.1474481357562363,
      "calinski_harabasz": 762.2739868164062,
      "avg_abs_corr": 0.18917058981999085,
      "effective_dim_95var": 23
    },
    "64": {
      "ARI": 0.2743487720588291,
      "NMI": 0.4217704502923958,
      "trustworthiness": 0.9989769269319435,
      "continuity": 0.9969081233503725,
      "silhouette": 0.10758029669523239,
      "davies_bouldin": 2.1510948517407775,
      "calinski_harabasz": 680.5460205078125,
      "avg_abs_corr": 0.1845326087834682,
      "effective_dim_95var": 28
    }
  },
  "loss_type": "mse"
}