{
  "test_losses": {
    "2": 0.03953681066036224,
    "4": 0.029105575996637344,
    "8": 0.02032452484369278,
    "16": 0.014817878006398678,
    "32": 0.011547439669072629,
    "64": 0.010650401033461094
  },
  "loss_type": "mse"
}