{
  "test_losses": {
    "2": 0.03953681066036224,
    "4": 0.029105575996637344,
    "8": 0.02032452484369278,
    "16": 0.014817878006398678,
    "32": 0.011547439669072629,
    "64": 0.010650401033461094
  },
  "cluster_metrics": {
    "2": {
      "ARI": 0.28308188229990483,
      "NMI": 0.4822072074529682,
      "trustworthiness": 0.9131773773011259,
      "continuity": 0.9294812174668404,
      "silhouette": 0.39770758152008057,
      "davies_bouldin": 0.7975329109580116,
      "calinski_harabasz": 6261.74658203125
    },
    "4": {
      "ARI": 0.48795136966292174,
      "NMI": 0.6007420779455762,
      "trustworthiness": 0.9779694557482209,
      "continuity": 0.9858113788379941,
      "silhouette": 0.25398892164230347,
      "davies_bouldin": 1.2917064370127351,
      "calinski_harabasz": 3074.805419921875
    },
    "8": {
      "ARI": 0.4511056935643864,
      "NMI": 0.5650831119429099,
      "trustworthiness": 0.9950549577361264,
      "continuity": 0.9966149724366042,
      "silhouette": 0.18945033848285675,
      "davies_bouldin": 1.4932935994906755,
      "calinski_harabasz": 1530.251953125
    },
    "16": {
      "ARI": 0.36895316851271276,
      "NMI": 0.4978058138904692,
      "trustworthiness": 0.9984976399051151,
      "continuity": 0.9987091216464535,
      "silhouette": 0.1425814926624298,
      "davies_bouldin": 1.9045090680509336,
      "calinski_harabasz": 967.2197265625
    },
    "32": {
      "ARI": 0.3289201846706467,
      "NMI": 0.44259143255031974,
      "trustworthiness": 0.9992519127326184,
      "continuity": 0.9991455948681969,
      "silhouette": 0.10375308990478516,
      "davies_bouldin": 2.2656098941444585,
      "calinski_harabasz": 714.7194213867188
    },
    "64": {
      "ARI": 0.34357436510927714,
      "NMI": 0.45390518012464864,
      "trustworthiness": 0.9994453509739066,
      "continuity": 0.9992867755838428,
      "silhouette": 0.09916860610246658,
      "davies_bouldin": 2.3050890763619747,
      "calinski_harabasz": 635.3695068359375
    }
  },
  "loss_type": "mse"
}