{
  "test_losses": {
    "2": 0.39491059727668765,
    "4": 0.28850737094879153,
    "8": 0.18797860968112945,
    "16": 0.12875361251831055,
    "32": 0.0972067967414856,
    "64": 0.07652975347042083,
    "128": 0.06902052412033081,
    "256": 0.06387865209579467
  },
  "cluster_metrics": {
    "2": {
      "ARI": 0.27897092081579583,
      "NMI": 0.49605095187980597,
      "trustworthiness": 0.9244602719588386,
      "continuity": 0.9308958264007217,
      "silhouette": 0.4220633804798126,
      "davies_bouldin": 0.785226098433969,
      "calinski_harabasz": 8262.681640625,
      "avg_abs_corr": 0.41978930480025944,
      "effective_dim_95var": 2
    },
    "4": {
      "ARI": 0.5578865884979928,
      "NMI": 0.6734821901285457,
      "trustworthiness": 0.9799334268818282,
      "continuity": 0.9803835882529819,
      "silhouette": 0.2838076055049896,
      "davies_bouldin": 1.1903281354443958,
      "calinski_harabasz": 3654.088623046875,
      "avg_abs_corr": 0.2175522473398884,
      "effective_dim_95var": 4
    },
    "8": {
      "ARI": 0.5925617768646173,
      "NMI": 0.6610794165014262,
      "trustworthiness": 0.9960915151515152,
      "continuity": 0.996163003574889,
      "silhouette": 0.21081337332725525,
      "davies_bouldin": 1.5293810081515906,
      "calinski_harabasz": 1630.8709716796875,
      "avg_abs_corr": 0.1478505079715219,
      "effective_dim_95var": 7
    },
    "16": {
      "ARI": 0.37532417732002654,
      "NMI": 0.5037930284105872,
      "trustworthiness": 0.9987849721025024,
      "continuity": 0.9987001897698039,
      "silhouette": 0.12788265943527222,
      "davies_bouldin": 1.9116989469837082,
      "calinski_harabasz": 934.2440795898438,
      "avg_abs_corr": 0.1481207288483512,
      "effective_dim_95var": 14
    },
    "32": {
      "ARI": 0.37099520704165306,
      "NMI": 0.4864275465193535,
      "trustworthiness": 0.9994496622231132,
      "continuity": 0.9994099161404564,
      "silhouette": 0.10558942705392838,
      "davies_bouldin": 2.158990599219618,
      "calinski_harabasz": 672.689697265625,
      "avg_abs_corr": 0.15467105174649007,
      "effective_dim_95var": 25
    },
    "64": {
      "ARI": 0.3645334676474147,
      "NMI": 0.49140364422990934,
      "trustworthiness": 0.9997334201997928,
      "continuity": 0.9997365767932912,
      "silhouette": 0.08352861553430557,
      "davies_bouldin": 2.3768541918814954,
      "calinski_harabasz": 541.412109375,
      "avg_abs_corr": 0.1494235062104814,
      "effective_dim_95var": 41
    },
    "128": {
      "ARI": 0.3562813935502469,
      "NMI": 0.4823193460426455,
      "trustworthiness": 0.999857369950887,
      "continuity": 0.9998638040827236,
      "silhouette": 0.07576767355203629,
      "davies_bouldin": 2.5910508214652057,
      "calinski_harabasz": 494.12664794921875,
      "avg_abs_corr": 0.1484829811654094,
      "effective_dim_95var": 52
    },
    "256": {
      "ARI": 0.4118041713660474,
      "NMI": 0.5211225198095963,
      "trustworthiness": 0.9998673816444489,
      "continuity": 0.999879808893789,
      "silhouette": 0.07915767282247543,
      "davies_bouldin": 2.5864154087838496,
      "calinski_harabasz": 477.6724853515625,
      "avg_abs_corr": 0.15119824906943366,
      "effective_dim_95var": 55
    }
  },
  "loss_type": "mse"
}