{
  "test_losses": {
    "2": 0.39613943734169005,
    "4": 0.28904681248664854,
    "8": 0.18765316197872162,
    "16": 0.12837709072828293,
    "32": 0.09594267116785049,
    "64": 0.07721202176809311
  },
  "cluster_metrics": {
    "2": {
      "ARI": 0.3368342361995575,
      "NMI": 0.5521973726788402,
      "trustworthiness": 0.9258133734255454,
      "continuity": 0.9342220774447897,
      "silhouette": 0.4330892562866211,
      "davies_bouldin": 0.7446043796213349,
      "calinski_harabasz": 8383.970703125
    },
    "4": {
      "ARI": 0.5395135117446904,
      "NMI": 0.6601527310951084,
      "trustworthiness": 0.9796912231465704,
      "continuity": 0.984108132705222,
      "silhouette": 0.27646899223327637,
      "davies_bouldin": 1.1778526103157643,
      "calinski_harabasz": 3303.76220703125
    },
    "8": {
      "ARI": 0.5865974542030614,
      "NMI": 0.6610403750705832,
      "trustworthiness": 0.9963943784036617,
      "continuity": 0.9962897029835288,
      "silhouette": 0.2113189399242401,
      "davies_bouldin": 1.5015644273823932,
      "calinski_harabasz": 1568.972900390625
    },
    "16": {
      "ARI": 0.4349264783306208,
      "NMI": 0.5462489621431931,
      "trustworthiness": 0.9987519067187866,
      "continuity": 0.998674448565033,
      "silhouette": 0.14088983833789825,
      "davies_bouldin": 1.8276705864467064,
      "calinski_harabasz": 930.1375732421875
    },
    "32": {
      "ARI": 0.34982942014176643,
      "NMI": 0.46988985848486636,
      "trustworthiness": 0.9994328208212221,
      "continuity": 0.9992563770004343,
      "silhouette": 0.10600577294826508,
      "davies_bouldin": 2.144720099273657,
      "calinski_harabasz": 679.4751586914062
    },
    "64": {
      "ARI": 0.36671087171413297,
      "NMI": 0.48272212877038334,
      "trustworthiness": 0.9997524559820922,
      "continuity": 0.9997485416457853,
      "silhouette": 0.08349661529064178,
      "davies_bouldin": 2.535621458179629,
      "calinski_harabasz": 521.9402465820312
    }
  },
  "loss_type": "mse"
}